date,metric,state,value,week_end,season,season_week
2022-01-15,harvest,12 estados,0.017,2022-01-15,2021/22,3.7142857142857144
2022-01-22,harvest,12 estados,0.055,2022-01-22,2021/22,4.714285714285714
2022-01-29,harvest,12 estados,0.12300000000000001,2022-01-29,2021/22,5.714285714285714
2022-02-05,harvest,12 estados,0.168,2022-02-05,2021/22,6.714285714285714
2022-02-12,harvest,12 estados,0.25,2022-02-12,2021/22,7.714285714285714
2022-02-19,harvest,12 estados,0.33,2022-02-19,2021/22,8.714285714285714
2022-02-26,harvest,12 estados,0.42100000000000004,2022-02-26,2021/22,9.714285714285714
2022-03-05,harvest,12 estados,0.522,2022-03-05,2021/22,10.714285714285714
2022-03-12,harvest,12 estados,0.631,2022-03-12,2021/22,11.714285714285714
2022-03-19,harvest,12 estados,0.706,2022-03-19,2021/22,12.714285714285714
2022-03-26,harvest,12 estados,0.758,2022-03-26,2021/22,13.714285714285714
2022-04-02,harvest,12 estados,0.812,2022-04-02,2021/22,14.714285714285714
2022-04-09,harvest,12 estados,0.8490000000000001,2022-04-09,2021/22,15.714285714285714
2022-04-16,harvest,12 estados,0.871,2022-04-16,2021/22,16.714285714285715
2022-04-23,harvest,12 estados,0.9079999999999999,2022-04-23,2021/22,17.714285714285715
2022-04-30,harvest,12 estados,0.9390000000000001,2022-04-30,2021/22,18.714285714285715
2022-05-07,harvest,12 estados,0.9490000000000001,2022-05-07,2021/22,19.714285714285715
2022-05-14,harvest,12 estados,0.968,2022-05-14,2021/22,20.714285714285715
2022-05-21,harvest,12 estados,0.981,2022-05-21,2021/22,21.714285714285715
2022-05-28,harvest,12 estados,0.991,2022-05-28,2021/22,22.714285714285715
2022-06-04,harvest,12 estados,0.9940000000000001,2022-06-04,2021/22,23.714285714285715
2022-06-11,harvest,12 estados,0.998,2022-06-11,2021/22,24.714285714285715
2025-01-04,harvest,12 estados,0.0,2025-01-04,2024/25,2.142857142857143
2025-01-11,harvest,12 estados,0.003,2025-01-11,2024/25,3.142857142857143
2025-01-18,harvest,12 estados,0.012,2025-01-18,2024/25,4.142857142857143
2025-01-25,harvest,12 estados,0.032,2025-01-25,2024/25,5.142857142857143
2025-02-01,harvest,12 estados,0.08,2025-02-01,2024/25,6.142857142857143
2025-02-08,harvest,12 estados,0.14800000000000002,2025-02-08,2024/25,7.142857142857143
2025-02-15,harvest,12 estados,0.255,2025-02-15,2024/25,8.142857142857142
2025-02-22,harvest,12 estados,0.364,2025-02-22,2024/25,9.142857142857142
2025-03-01,harvest,12 estados,0.484,2025-03-01,2024/25,10.142857142857142
2025-03-08,harvest,12 estados,0.609,2025-03-08,2024/25,11.142857142857142
2025-03-15,harvest,12 estados,0.698,2025-03-15,2024/25,12.142857142857142
2025-03-22,harvest,12 estados,0.764,2025-03-22,2024/25,13.142857142857142
2025-03-29,harvest,12 estados,0.8140000000000001,2025-03-29,2024/25,14.142857142857142
2025-04-05,harvest,12 estados,0.853,2025-04-05,2024/25,15.142857142857142
2025-04-05,harvest,Bahia,0.92,2025-04-05,2024/25,15.142857142857142
2025-04-05,harvest,Goiás,0.97,2025-04-05,2024/25,15.142857142857142
2025-04-05,harvest,Maranhão,0.66,2025-04-05,2024/25,15.142857142857142
2025-04-05,harvest,Mato Grosso,0.9947,2025-04-05,2024/25,15.142857142857142
2025-04-05,harvest,Mato Grosso do Sul,0.94,2025-04-05,2024/25,15.142857142857142
2025-04-05,harvest,Minas Gerais,0.99,2025-04-05,2024/25,15.142857142857142
2025-04-05,harvest,Paraná,0.95,2025-04-05,2024/25,15.142857142857142
2025-04-05,harvest,Piauí,0.8,2025-04-05,2024/25,15.142857142857142
2025-04-05,harvest,Rio Grande do Sul,0.35,2025-04-05,2024/25,15.142857142857142
2025-04-05,harvest,Santa Catarina,0.65,2025-04-05,2024/25,15.142857142857142
2025-04-05,harvest,São Paulo,0.99,2025-04-05,2024/25,15.142857142857142
2025-04-05,harvest,Tocantins,0.95,2025-04-05,2024/25,15.142857142857142
2025-04-05,planting,12 estados,1.0,2025-04-05,2024/25,30.857142857142858
2025-04-05,planting,Bahia,1.0,2025-04-05,2024/25,30.857142857142858
2025-04-05,planting,Goiás,1.0,2025-04-05,2024/25,30.857142857142858
2025-04-05,planting,Maranhão,1.0,2025-04-05,2024/25,30.857142857142858
2025-04-05,planting,Mato Grosso,1.0,2025-04-05,2024/25,30.857142857142858
2025-04-05,planting,Mato Grosso do Sul,1.0,2025-04-05,2024/25,30.857142857142858
2025-04-05,planting,Minas Gerais,1.0,2025-04-05,2024/25,30.857142857142858
2025-04-05,planting,Paraná,1.0,2025-04-05,2024/25,30.857142857142858
2025-04-05,planting,Piauí,1.0,2025-04-05,2024/25,30.857142857142858
2025-04-05,planting,Rio Grande do Sul,1.0,2025-04-05,2024/25,30.857142857142858
2025-04-05,planting,Santa Catarina,1.0,2025-04-05,2024/25,30.857142857142858
2025-04-05,planting,São Paulo,1.0,2025-04-05,2024/25,30.857142857142858
2025-04-05,planting,Tocantins,1.0,2025-04-05,2024/25,30.857142857142858
2025-04-12,harvest,12 estados,0.883,2025-04-12,2024/25,16.142857142857142
2025-04-12,harvest,Bahia,0.95,2025-04-12,2024/25,16.142857142857142
2025-04-12,harvest,Goiás,0.99,2025-04-12,2024/25,16.142857142857142
2025-04-12,harvest,Maranhão,0.68,2025-04-12,2024/25,16.142857142857142
2025-04-12,harvest,Mato Grosso,0.9965,2025-04-12,2024/25,16.142857142857142
2025-04-12,harvest,Mato Grosso do Sul,0.97,2025-04-12,2024/25,16.142857142857142
2025-04-12,harvest,Minas Gerais,0.9956,2025-04-12,2024/25,16.142857142857142
2025-04-12,harvest,Paraná,0.97,2025-04-12,2024/25,16.142857142857142
2025-04-12,harvest,Piauí,0.94,2025-04-12,2024/25,16.142857142857142
2025-04-12,harvest,Rio Grande do Sul,0.44,2025-04-12,2024/25,16.142857142857142
2025-04-12,harvest,Santa Catarina,0.712,2025-04-12,2024/25,16.142857142857142
2025-04-12,harvest,São Paulo,1.0,2025-04-12,2024/25,16.142857142857142
2025-04-12,harvest,Tocantins,0.98,2025-04-12,2024/25,16.142857142857142
2025-04-12,planting,12 estados,1.0,2025-04-12,2024/25,31.857142857142858
2025-04-12,planting,Bahia,1.0,2025-04-12,2024/25,31.857142857142858
2025-04-12,planting,Goiás,1.0,2025-04-12,2024/25,31.857142857142858
2025-04-12,planting,Maranhão,1.0,2025-04-12,2024/25,31.857142857142858
2025-04-12,planting,Mato Grosso,1.0,2025-04-12,2024/25,31.857142857142858
2025-04-12,planting,Mato Grosso do Sul,1.0,2025-04-12,2024/25,31.857142857142858
2025-04-12,planting,Minas Gerais,1.0,2025-04-12,2024/25,31.857142857142858
2025-04-12,planting,Paraná,1.0,2025-04-12,2024/25,31.857142857142858
2025-04-12,planting,Piauí,1.0,2025-04-12,2024/25,31.857142857142858
2025-04-12,planting,Rio Grande do Sul,1.0,2025-04-12,2024/25,31.857142857142858
2025-04-12,planting,Santa Catarina,1.0,2025-04-12,2024/25,31.857142857142858
2025-04-12,planting,São Paulo,1.0,2025-04-12,2024/25,31.857142857142858
2025-04-12,planting,Tocantins,1.0,2025-04-12,2024/25,31.857142857142858
2025-04-19,harvest,12 estados,0.925,2025-04-19,2024/25,17.142857142857142
2025-04-19,harvest,Bahia,0.99,2025-04-19,2024/25,17.142857142857142
2025-04-19,harvest,Goiás,1.0,2025-04-19,2024/25,17.142857142857142
2025-04-19,harvest,Maranhão,0.72,2025-04-19,2024/25,17.142857142857142
2025-04-19,harvest,Mato Grosso,0.9985,2025-04-19,2024/25,17.142857142857142
2025-04-19,harvest,Mato Grosso do Sul,1.0,2025-04-19,2024/25,17.142857142857142
2025-04-19,harvest,Minas Gerais,0.996,2025-04-19,2024/25,17.142857142857142
2025-04-19,harvest,Paraná,0.99,2025-04-19,2024/25,17.142857142857142
2025-04-19,harvest,Piauí,0.98,2025-04-19,2024/25,17.142857142857142
2025-04-19,harvest,Rio Grande do Sul,0.63,2025-04-19,2024/25,17.142857142857142
2025-04-19,harvest,Santa Catarina,0.731,2025-04-19,2024/25,17.142857142857142
2025-04-19,harvest,São Paulo,1.0,2025-04-19,2024/25,17.142857142857142
2025-04-19,harvest,Tocantins,1.0,2025-04-19,2024/25,17.142857142857142
2025-04-26,harvest,12 estados,0.948,2025-04-26,2024/25,18.142857142857142
2025-04-26,harvest,Bahia,0.99,2025-04-26,2024/25,18.142857142857142
2025-04-26,harvest,Goiás,1.0,2025-04-26,2024/25,18.142857142857142
2025-04-26,harvest,Maranhão,0.72,2025-04-26,2024/25,18.142857142857142
2025-04-26,harvest,Mato Grosso,1.0,2025-04-26,2024/25,18.142857142857142
2025-04-26,harvest,Mato Grosso do Sul,1.0,2025-04-26,2024/25,18.142857142857142
2025-04-26,harvest,Minas Gerais,1.0,2025-04-26,2024/25,18.142857142857142
2025-04-26,harvest,Paraná,1.0,2025-04-26,2024/25,18.142857142857142
2025-04-26,harvest,Piauí,0.98,2025-04-26,2024/25,18.142857142857142
2025-04-26,harvest,Rio Grande do Sul,0.74,2025-04-26,2024/25,18.142857142857142
2025-04-26,harvest,Santa Catarina,0.852,2025-04-26,2024/25,18.142857142857142
2025-04-26,harvest,São Paulo,1.0,2025-04-26,2024/25,18.142857142857142
2025-04-26,harvest,Tocantins,1.0,2025-04-26,2024/25,18.142857142857142
2025-05-03,harvest,12 estados,0.977,2025-05-03,2024/25,19.142857142857142
2025-05-03,harvest,Bahia,0.99,2025-05-03,2024/25,19.142857142857142
2025-05-03,harvest,Goiás,1.0,2025-05-03,2024/25,19.142857142857142
2025-05-03,harvest,Maranhão,0.73,2025-05-03,2024/25,19.142857142857142
2025-05-03,harvest,Mato Grosso,1.0,2025-05-03,2024/25,19.142857142857142
2025-05-03,harvest,Mato Grosso do Sul,1.0,2025-05-03,2024/25,19.142857142857142
2025-05-03,harvest,Minas Gerais,1.0,2025-05-03,2024/25,19.142857142857142
2025-05-03,harvest,Paraná,1.0,2025-05-03,2024/25,19.142857142857142
2025-05-03,harvest,Piauí,0.99,2025-05-03,2024/25,19.142857142857142
2025-05-03,harvest,Rio Grande do Sul,0.92,2025-05-03,2024/25,19.142857142857142
2025-05-03,harvest,Santa Catarina,0.9,2025-05-03,2024/25,19.142857142857142
2025-05-03,harvest,São Paulo,1.0,2025-05-03,2024/25,19.142857142857142
2025-05-03,harvest,Tocantins,1.0,2025-05-03,2024/25,19.142857142857142
2025-05-10,harvest,12 estados,0.985,2025-05-10,2024/25,20.142857142857142
2025-05-10,harvest,Bahia,0.99,2025-05-10,2024/25,20.142857142857142
2025-05-10,harvest,Goiás,1.0,2025-05-10,2024/25,20.142857142857142
2025-05-10,harvest,Maranhão,0.78,2025-05-10,2024/25,20.142857142857142
2025-05-10,harvest,Mato Grosso,1.0,2025-05-10,2024/25,20.142857142857142
2025-05-10,harvest,Mato Grosso do Sul,1.0,2025-05-10,2024/25,20.142857142857142
2025-05-10,harvest,Minas Gerais,1.0,2025-05-10,2024/25,20.142857142857142
2025-05-10,harvest,Paraná,1.0,2025-05-10,2024/25,20.142857142857142
2025-05-10,harvest,Piauí,0.99,2025-05-10,2024/25,20.142857142857142
2025-05-10,harvest,Rio Grande do Sul,0.96,2025-05-10,2024/25,20.142857142857142
2025-05-10,harvest,Santa Catarina,0.951,2025-05-10,2024/25,20.142857142857142
2025-05-10,harvest,São Paulo,1.0,2025-05-10,2024/25,20.142857142857142
2025-05-10,harvest,Tocantins,1.0,2025-05-10,2024/25,20.142857142857142
2025-05-17,harvest,12 estados,0.9890000000000001,2025-05-17,2024/25,21.142857142857142
2025-05-17,harvest,Bahia,0.99,2025-05-17,2024/25,21.142857142857142
2025-05-17,harvest,Goiás,1.0,2025-05-17,2024/25,21.142857142857142
2025-05-17,harvest,Maranhão,0.85,2025-05-17,2024/25,21.142857142857142
2025-05-17,harvest,Mato Grosso,1.0,2025-05-17,2024/25,21.142857142857142
2025-05-17,harvest,Mato Grosso do Sul,1.0,2025-05-17,2024/25,21.142857142857142
2025-05-17,harvest,Minas Gerais,1.0,2025-05-17,2024/25,21.142857142857142
2025-05-17,harvest,Paraná,1.0,2025-05-17,2024/25,21.142857142857142
2025-05-17,harvest,Piauí,0.99,2025-05-17,2024/25,21.142857142857142
2025-05-17,harvest,Rio Grande do Sul,0.97,2025-05-17,2024/25,21.142857142857142
2025-05-17,harvest,Santa Catarina,0.969,2025-05-17,2024/25,21.142857142857142
2025-05-17,harvest,São Paulo,1.0,2025-05-17,2024/25,21.142857142857142
2025-05-17,harvest,Tocantins,1.0,2025-05-17,2024/25,21.142857142857142
2025-05-24,harvest,12 estados,0.995,2025-05-24,2024/25,22.142857142857142
2025-05-24,harvest,Bahia,1.0,2025-05-24,2024/25,22.142857142857142
2025-05-24,harvest,Goiás,1.0,2025-05-24,2024/25,22.142857142857142
2025-05-24,harvest,Maranhão,0.9,2025-05-24,2024/25,22.142857142857142
2025-05-24,harvest,Mato Grosso,1.0,2025-05-24,2024/25,22.142857142857142
2025-05-24,harvest,Mato Grosso do Sul,1.0,2025-05-24,2024/25,22.142857142857142
2025-05-24,harvest,Minas Gerais,1.0,2025-05-24,2024/25,22.142857142857142
2025-05-24,harvest,Paraná,1.0,2025-05-24,2024/25,22.142857142857142
2025-05-24,harvest,Piauí,0.99,2025-05-24,2024/25,22.142857142857142
2025-05-24,harvest,Rio Grande do Sul,0.99,2025-05-24,2024/25,22.142857142857142
2025-05-24,harvest,Santa Catarina,0.975,2025-05-24,2024/25,22.142857142857142
2025-05-24,harvest,São Paulo,1.0,2025-05-24,2024/25,22.142857142857142
2025-05-24,harvest,Tocantins,1.0,2025-05-24,2024/25,22.142857142857142
2025-05-31,harvest,12 estados,0.998,2025-05-31,2024/25,23.142857142857142
2025-05-31,harvest,Bahia,1.0,2025-05-31,2024/25,23.142857142857142
2025-05-31,harvest,Goiás,1.0,2025-05-31,2024/25,23.142857142857142
2025-05-31,harvest,Maranhão,0.95,2025-05-31,2024/25,23.142857142857142
2025-05-31,harvest,Mato Grosso,1.0,2025-05-31,2024/25,23.142857142857142
2025-05-31,harvest,Mato Grosso do Sul,1.0,2025-05-31,2024/25,23.142857142857142
2025-05-31,harvest,Minas Gerais,1.0,2025-05-31,2024/25,23.142857142857142
2025-05-31,harvest,Paraná,1.0,2025-05-31,2024/25,23.142857142857142
2025-05-31,harvest,Piauí,1.0,2025-05-31,2024/25,23.142857142857142
2025-05-31,harvest,Rio Grande do Sul,1.0,2025-05-31,2024/25,23.142857142857142
2025-05-31,harvest,Santa Catarina,0.992,2025-05-31,2024/25,23.142857142857142
2025-05-31,harvest,São Paulo,1.0,2025-05-31,2024/25,23.142857142857142
2025-05-31,harvest,Tocantins,1.0,2025-05-31,2024/25,23.142857142857142
2025-06-07,harvest,12 estados,0.999,2025-06-07,2024/25,24.142857142857142
2025-06-07,harvest,Bahia,1.0,2025-06-07,2024/25,24.142857142857142
2025-06-07,harvest,Goiás,1.0,2025-06-07,2024/25,24.142857142857142
2025-06-07,harvest,Maranhão,0.98,2025-06-07,2024/25,24.142857142857142
2025-06-07,harvest,Mato Grosso,1.0,2025-06-07,2024/25,24.142857142857142
2025-06-07,harvest,Mato Grosso do Sul,1.0,2025-06-07,2024/25,24.142857142857142
2025-06-07,harvest,Minas Gerais,1.0,2025-06-07,2024/25,24.142857142857142
2025-06-07,harvest,Paraná,1.0,2025-06-07,2024/25,24.142857142857142
2025-06-07,harvest,Piauí,1.0,2025-06-07,2024/25,24.142857142857142
2025-06-07,harvest,Rio Grande do Sul,1.0,2025-06-07,2024/25,24.142857142857142
2025-06-07,harvest,Santa Catarina,0.996,2025-06-07,2024/25,24.142857142857142
2025-06-07,harvest,São Paulo,1.0,2025-06-07,2024/25,24.142857142857142
2025-06-07,harvest,Tocantins,1.0,2025-06-07,2024/25,24.142857142857142
2025-06-14,harvest,12 estados,1.0,2025-06-14,2024/25,25.142857142857142
2025-06-14,harvest,Bahia,1.0,2025-06-14,2024/25,25.142857142857142
2025-06-14,harvest,Goiás,1.0,2025-06-14,2024/25,25.142857142857142
2025-06-14,harvest,Maranhão,0.99,2025-06-14,2024/25,25.142857142857142
2025-06-14,harvest,Mato Grosso,1.0,2025-06-14,2024/25,25.142857142857142
2025-06-14,harvest,Mato Grosso do Sul,1.0,2025-06-14,2024/25,25.142857142857142
2025-06-14,harvest,Minas Gerais,1.0,2025-06-14,2024/25,25.142857142857142
2025-06-14,harvest,Paraná,1.0,2025-06-14,2024/25,25.142857142857142
2025-06-14,harvest,Piauí,1.0,2025-06-14,2024/25,25.142857142857142
2025-06-14,harvest,Rio Grande do Sul,1.0,2025-06-14,2024/25,25.142857142857142
2025-06-14,harvest,Santa Catarina,1.0,2025-06-14,2024/25,25.142857142857142
2025-06-14,harvest,São Paulo,1.0,2025-06-14,2024/25,25.142857142857142
2025-06-14,harvest,Tocantins,1.0,2025-06-14,2024/25,25.142857142857142
2025-06-21,harvest,12 estados,1.0,2025-06-21,2024/25,26.142857142857142
2025-06-21,harvest,Bahia,1.0,2025-06-21,2024/25,26.142857142857142
2025-06-21,harvest,Goiás,1.0,2025-06-21,2024/25,26.142857142857142
2025-06-21,harvest,Maranhão,1.0,2025-06-21,2024/25,26.142857142857142
2025-06-21,harvest,Mato Grosso,1.0,2025-06-21,2024/25,26.142857142857142
2025-06-21,harvest,Mato Grosso do Sul,1.0,2025-06-21,2024/25,26.142857142857142
2025-06-21,harvest,Minas Gerais,1.0,2025-06-21,2024/25,26.142857142857142
2025-06-21,harvest,Paraná,1.0,2025-06-21,2024/25,26.142857142857142
2025-06-21,harvest,Piauí,1.0,2025-06-21,2024/25,26.142857142857142
2025-06-21,harvest,Rio Grande do Sul,1.0,2025-06-21,2024/25,26.142857142857142
2025-06-21,harvest,Santa Catarina,1.0,2025-06-21,2024/25,26.142857142857142
2025-06-21,harvest,São Paulo,1.0,2025-06-21,2024/25,26.142857142857142
2025-06-21,harvest,Tocantins,1.0,2025-06-21,2024/25,26.142857142857142
2025-09-20,planting,12 estados,0.006,2025-09-20,2025/26,2.7142857142857144
2025-09-20,planting,Bahia,0.0,2025-09-20,2025/26,2.7142857142857144
2025-09-20,planting,Goiás,0.0,2025-09-20,2025/26,2.7142857142857144
2025-09-20,planting,Maranhão,0.0,2025-09-20,2025/26,2.7142857142857144
2025-09-20,planting,Mato Grosso,0.0083,2025-09-20,2025/26,2.7142857142857144
2025-09-20,planting,Mato Grosso do Sul,0.005,2025-09-20,2025/26,2.7142857142857144
2025-09-20,planting,Minas Gerais,0.0,2025-09-20,2025/26,2.7142857142857144
2025-09-20,planting,Paraná,0.03,2025-09-20,2025/26,2.7142857142857144
2025-09-20,planting,Piauí,0.0,2025-09-20,2025/26,2.7142857142857144
2025-09-20,planting,Rio Grande do Sul,0.0,2025-09-20,2025/26,2.7142857142857144
2025-09-20,planting,Santa Catarina,0.0,2025-09-20,2025/26,2.7142857142857144
2025-09-20,planting,São Paulo,0.0,2025-09-20,2025/26,2.7142857142857144
2025-09-20,planting,Tocantins,0.0,2025-09-20,2025/26,2.7142857142857144
2025-09-27,planting,12 estados,0.035,2025-09-27,2025/26,3.7142857142857144
2025-09-27,planting,Bahia,0.0,2025-09-27,2025/26,3.7142857142857144
2025-09-27,planting,Goiás,0.0,2025-09-27,2025/26,3.7142857142857144
2025-09-27,planting,Maranhão,0.0,2025-09-27,2025/26,3.7142857142857144
2025-09-27,planting,Mato Grosso,0.0603,2025-09-27,2025/26,3.7142857142857144
2025-09-27,planting,Mato Grosso do Sul,0.02,2025-09-27,2025/26,3.7142857142857144
2025-09-27,planting,Minas Gerais,0.0,2025-09-27,2025/26,3.7142857142857144
2025-09-27,planting,Paraná,0.13,2025-09-27,2025/26,3.7142857142857144
2025-09-27,planting,Piauí,0.0,2025-09-27,2025/26,3.7142857142857144
2025-09-27,planting,Rio Grande do Sul,0.0,2025-09-27,2025/26,3.7142857142857144
2025-09-27,planting,Santa Catarina,0.01,2025-09-27,2025/26,3.7142857142857144
2025-09-27,planting,São Paulo,0.02,2025-09-27,2025/26,3.7142857142857144
2025-09-27,planting,Tocantins,0.0,2025-09-27,2025/26,3.7142857142857144
2025-10-04,planting,12 estados,0.082,2025-10-04,2025/26,4.714285714285714
2025-10-04,planting,Bahia,0.0,2025-10-04,2025/26,4.714285714285714
2025-10-04,planting,Goiás,0.01,2025-10-04,2025/26,4.714285714285714
2025-10-04,planting,Maranhão,0.0,2025-10-04,2025/26,4.714285714285714
2025-10-04,planting,Mato Grosso,0.156,2025-10-04,2025/26,4.714285714285714
2025-10-04,planting,Mato Grosso do Sul,0.05,2025-10-04,2025/26,4.714285714285714
2025-10-04,planting,Minas Gerais,0.014,2025-10-04,2025/26,4.714285714285714
2025-10-04,planting,Paraná,0.26,2025-10-04,2025/26,4.714285714285714
2025-10-04,planting,Piauí,0.0,2025-10-04,2025/26,4.714285714285714
2025-10-04,planting,Rio Grande do Sul,0.0,2025-10-04,2025/26,4.714285714285714
2025-10-04,planting,Santa Catarina,0.011,2025-10-04,2025/26,4.714285714285714
2025-10-04,planting,São Paulo,0.03,2025-10-04,2025/26,4.714285714285714
2025-10-04,planting,Tocantins,0.0,2025-10-04,2025/26,4.714285714285714
2025-10-11,planting,12 estados,0.111,2025-10-11,2025/26,5.714285714285714
2025-10-11,planting,Bahia,0.04,2025-10-11,2025/26,5.714285714285714
2025-10-11,planting,Goiás,0.02,2025-10-11,2025/26,5.714285714285714
2025-10-11,planting,Maranhão,0.0,2025-10-11,2025/26,5.714285714285714
2025-10-11,planting,Mato Grosso,0.189,2025-10-11,2025/26,5.714285714285714
2025-10-11,planting,Mato Grosso do Sul,0.14,2025-10-11,2025/26,5.714285714285714
2025-10-11,planting,Minas Gerais,0.027,2025-10-11,2025/26,5.714285714285714
2025-10-11,planting,Paraná,0.31,2025-10-11,2025/26,5.714285714285714
2025-10-11,planting,Piauí,0.0,2025-10-11,2025/26,5.714285714285714
2025-10-11,planting,Rio Grande do Sul,0.0,2025-10-11,2025/26,5.714285714285714
2025-10-11,planting,Santa Catarina,0.02,2025-10-11,2025/26,5.714285714285714
2025-10-11,planting,São Paulo,0.04,2025-10-11,2025/26,5.714285714285714
2025-10-11,planting,Tocantins,0.02,2025-10-11,2025/26,5.714285714285714
2025-10-18,planting,12 estados,0.217,2025-10-18,2025/26,6.714285714285714
2025-10-18,planting,Bahia,0.06,2025-10-18,2025/26,6.714285714285714
2025-10-18,planting,Goiás,0.05,2025-10-18,2025/26,6.714285714285714
2025-10-18,planting,Maranhão,0.0,2025-10-18,2025/26,6.714285714285714
2025-10-18,planting,Mato Grosso,0.3982,2025-10-18,2025/26,6.714285714285714
2025-10-18,planting,Mato Grosso do Sul,0.34,2025-10-18,2025/26,6.714285714285714
2025-10-18,planting,Minas Gerais,0.06,2025-10-18,2025/26,6.714285714285714
2025-10-18,planting,Paraná,0.39,2025-10-18,2025/26,6.714285714285714
2025-10-18,planting,Piauí,0.0,2025-10-18,2025/26,6.714285714285714
2025-10-18,planting,Rio Grande do Sul,0.0,2025-10-18,2025/26,6.714285714285714
2025-10-18,planting,Santa Catarina,0.03,2025-10-18,2025/26,6.714285714285714
2025-10-18,planting,São Paulo,0.4,2025-10-18,2025/26,6.714285714285714
2025-10-18,planting,Tocantins,0.07,2025-10-18,2025/26,6.714285714285714
2025-10-25,planting,12 estados,0.344,2025-10-25,2025/26,7.714285714285714
2025-10-25,planting,Bahia,0.2,2025-10-25,2025/26,7.714285714285714
2025-10-25,planting,Goiás,0.16,2025-10-25,2025/26,7.714285714285714
2025-10-25,planting,Maranhão,0.01,2025-10-25,2025/26,7.714285714285714
2025-10-25,planting,Mato Grosso,0.6211,2025-10-25,2025/26,7.714285714285714
2025-10-25,planting,Mato Grosso do Sul,0.54,2025-10-25,2025/26,7.714285714285714
2025-10-25,planting,Minas Gerais,0.116,2025-10-25,2025/26,7.714285714285714
2025-10-25,planting,Paraná,0.52,2025-10-25,2025/26,7.714285714285714
2025-10-25,planting,Piauí,0.01,2025-10-25,2025/26,7.714285714285714
2025-10-25,planting,Rio Grande do Sul,0.01,2025-10-25,2025/26,7.714285714285714
2025-10-25,planting,Santa Catarina,0.07,2025-10-25,2025/26,7.714285714285714
2025-10-25,planting,São Paulo,0.45,2025-10-25,2025/26,7.714285714285714
2025-10-25,planting,Tocantins,0.18,2025-10-25,2025/26,7.714285714285714
2025-11-01,planting,12 estados,0.471,2025-11-01,2025/26,8.714285714285714
2025-11-01,planting,Bahia,0.21,2025-11-01,2025/26,8.714285714285714
2025-11-01,planting,Goiás,0.29,2025-11-01,2025/26,8.714285714285714
2025-11-01,planting,Maranhão,0.02,2025-11-01,2025/26,8.714285714285714
2025-11-01,planting,Mato Grosso,0.8007,2025-11-01,2025/26,8.714285714285714
2025-11-01,planting,Mato Grosso do Sul,0.73,2025-11-01,2025/26,8.714285714285714
2025-11-01,planting,Minas Gerais,0.175,2025-11-01,2025/26,8.714285714285714
2025-11-01,planting,Paraná,0.71,2025-11-01,2025/26,8.714285714285714
2025-11-01,planting,Piauí,0.02,2025-11-01,2025/26,8.714285714285714
2025-11-01,planting,Rio Grande do Sul,0.09,2025-11-01,2025/26,8.714285714285714
2025-11-01,planting,Santa Catarina,0.12,2025-11-01,2025/26,8.714285714285714
2025-11-01,planting,São Paulo,0.6,2025-11-01,2025/26,8.714285714285714
2025-11-01,planting,Tocantins,0.19,2025-11-01,2025/26,8.714285714285714
2025-11-08,planting,0.2,0.12,2025-11-08,2025/26,9.714285714285714
2025-11-08,planting,0.24,0.09,2025-11-08,2025/26,9.714285714285714
2025-11-08,planting,0.26,0.17,2025-11-08,2025/26,9.714285714285714
2025-11-08,planting,0.28,0.3,2025-11-08,2025/26,9.714285714285714
2025-11-08,planting,0.4,0.39,2025-11-08,2025/26,9.714285714285714
2025-11-08,planting,0.45,0.22,2025-11-08,2025/26,9.714285714285714
2025-11-08,planting,0.486,0.296,2025-11-08,2025/26,9.714285714285714
2025-11-08,planting,0.661,0.584,2025-11-08,2025/26,9.714285714285714
2025-11-08,planting,0.71,0.43,2025-11-08,2025/26,9.714285714285714
2025-11-08,planting,0.85,0.86,2025-11-08,2025/26,9.714285714285714
2025-11-08,planting,0.9033,0.9011,2025-11-08,2025/26,9.714285714285714
2025-11-08,planting,0.95,0.95,2025-11-08,2025/26,9.714285714285714
2025-11-15,planting,12 estados,0.69,2025-11-15,2025/26,10.714285714285714
2025-11-15,planting,Bahia,0.5,2025-11-15,2025/26,10.714285714285714
2025-11-15,planting,Goiás,0.65,2025-11-15,2025/26,10.714285714285714
2025-11-15,planting,Maranhão,0.15,2025-11-15,2025/26,10.714285714285714
2025-11-15,planting,Mato Grosso,0.952,2025-11-15,2025/26,10.714285714285714
2025-11-15,planting,Mato Grosso do Sul,0.87,2025-11-15,2025/26,10.714285714285714
2025-11-15,planting,Minas Gerais,0.488,2025-11-15,2025/26,10.714285714285714
2025-11-15,planting,Paraná,0.86,2025-11-15,2025/26,10.714285714285714
2025-11-15,planting,Piauí,0.29,2025-11-15,2025/26,10.714285714285714
2025-11-15,planting,Rio Grande do Sul,0.28,2025-11-15,2025/26,10.714285714285714
2025-11-15,planting,Santa Catarina,0.4,2025-11-15,2025/26,10.714285714285714
2025-11-15,planting,São Paulo,1.0,2025-11-15,2025/26,10.714285714285714
2025-11-15,planting,Tocantins,0.69,2025-11-15,2025/26,10.714285714285714
2025-11-22,planting,12 estados,0.78,2025-11-22,2025/26,11.714285714285714
2025-11-22,planting,Bahia,0.65,2025-11-22,2025/26,11.714285714285714
2025-11-22,planting,Goiás,0.74,2025-11-22,2025/26,11.714285714285714
2025-11-22,planting,Maranhão,0.19,2025-11-22,2025/26,11.714285714285714
2025-11-22,planting,Mato Grosso,0.9909,2025-11-22,2025/26,11.714285714285714
2025-11-22,planting,Mato Grosso do Sul,0.95,2025-11-22,2025/26,11.714285714285714
2025-11-22,planting,Minas Gerais,0.705,2025-11-22,2025/26,11.714285714285714
2025-11-22,planting,Paraná,0.92,2025-11-22,2025/26,11.714285714285714
2025-11-22,planting,Piauí,0.35,2025-11-22,2025/26,11.714285714285714
2025-11-22,planting,Rio Grande do Sul,0.47,2025-11-22,2025/26,11.714285714285714
2025-11-22,planting,Santa Catarina,0.52,2025-11-22,2025/26,11.714285714285714
2025-11-22,planting,São Paulo,1.0,2025-11-22,2025/26,11.714285714285714
2025-11-22,planting,Tocantins,0.72,2025-11-22,2025/26,11.714285714285714
2025-11-29,planting,12 estados,0.86,2025-11-29,2025/26,12.714285714285714
2025-11-29,planting,Bahia,0.87,2025-11-29,2025/26,12.714285714285714
2025-11-29,planting,Goiás,0.85,2025-11-29,2025/26,12.714285714285714
2025-11-29,planting,Maranhão,0.24,2025-11-29,2025/26,12.714285714285714
2025-11-29,planting,Mato Grosso,1.0,2025-11-29,2025/26,12.714285714285714
2025-11-29,planting,Mato Grosso do Sul,0.96,2025-11-29,2025/26,12.714285714285714
2025-11-29,planting,Minas Gerais,0.849,2025-11-29,2025/26,12.714285714285714
2025-11-29,planting,Paraná,0.97,2025-11-29,2025/26,12.714285714285714
2025-11-29,planting,Piauí,0.56,2025-11-29,2025/26,12.714285714285714
2025-11-29,planting,Rio Grande do Sul,0.65,2025-11-29,2025/26,12.714285714285714
2025-11-29,planting,Santa Catarina,0.65,2025-11-29,2025/26,12.714285714285714
2025-11-29,planting,São Paulo,1.0,2025-11-29,2025/26,12.714285714285714
2025-11-29,planting,Tocantins,0.83,2025-11-29,2025/26,12.714285714285714
2025-12-05,planting,12 estados,0.903,2025-12-05,2025/26,13.571428571428571
2025-12-05,planting,Bahia,0.94,2025-12-05,2025/26,13.571428571428571
2025-12-05,planting,Goiás,0.92,2025-12-05,2025/26,13.571428571428571
2025-12-05,planting,Maranhão,0.38,2025-12-05,2025/26,13.571428571428571
2025-12-05,planting,Mato Grosso,1.0,2025-12-05,2025/26,13.571428571428571
2025-12-05,planting,Mato Grosso do Sul,0.99,2025-12-05,2025/26,13.571428571428571
2025-12-05,planting,Minas Gerais,0.982,2025-12-05,2025/26,13.571428571428571
2025-12-05,planting,Paraná,0.97,2025-12-05,2025/26,13.571428571428571
2025-12-05,planting,Piauí,0.78,2025-12-05,2025/26,13.571428571428571
2025-12-05,planting,Rio Grande do Sul,0.69,2025-12-05,2025/26,13.571428571428571
2025-12-05,planting,Santa Catarina,0.79,2025-12-05,2025/26,13.571428571428571
2025-12-05,planting,São Paulo,1.0,2025-12-05,2025/26,13.571428571428571
2025-12-05,planting,Tocantins,0.93,2025-12-05,2025/26,13.571428571428571
2025-12-13,planting,12 estados,0.9409116810949177,2025-12-13,2025/26,14.714285714285714
2025-12-13,planting,Bahia,0.97,2025-12-13,2025/26,14.714285714285714
2025-12-13,planting,Goiás,0.97,2025-12-13,2025/26,14.714285714285714
2025-12-13,planting,Maranhão,0.42,2025-12-13,2025/26,14.714285714285714
2025-12-13,planting,Mato Grosso,1.0,2025-12-13,2025/26,14.714285714285714
2025-12-13,planting,Mato Grosso do Sul,1.0,2025-12-13,2025/26,14.714285714285714
2025-12-13,planting,Minas Gerais,1.0,2025-12-13,2025/26,14.714285714285714
2025-12-13,planting,Paraná,1.0,2025-12-13,2025/26,14.714285714285714
2025-12-13,planting,Piauí,0.88,2025-12-13,2025/26,14.714285714285714
2025-12-13,planting,Rio Grande do Sul,0.81,2025-12-13,2025/26,14.714285714285714
2025-12-13,planting,Santa Catarina,0.86,2025-12-13,2025/26,14.714285714285714
2025-12-13,planting,São Paulo,1.0,2025-12-13,2025/26,14.714285714285714
2025-12-13,planting,Tocantins,0.98,2025-12-13,2025/26,14.714285714285714
2025-12-20,planting,12 estados,0.975533452961329,2025-12-20,2025/26,15.714285714285714
2025-12-20,planting,Bahia,0.99,2025-12-20,2025/26,15.714285714285714
2025-12-20,planting,Goiás,0.995,2025-12-20,2025/26,15.714285714285714
2025-12-20,planting,Maranhão,0.54,2025-12-20,2025/26,15.714285714285714
2025-12-20,planting,Mato Grosso,1.0,2025-12-20,2025/26,15.714285714285714
2025-12-20,planting,Mato Grosso do Sul,1.0,2025-12-20,2025/26,15.714285714285714
2025-12-20,planting,Minas Gerais,1.0,2025-12-20,2025/26,15.714285714285714
2025-12-20,planting,Paraná,1.0,2025-12-20,2025/26,15.714285714285714
2025-12-20,planting,Piauí,0.95,2025-12-20,2025/26,15.714285714285714
2025-12-20,planting,Rio Grande do Sul,0.966,2025-12-20,2025/26,15.714285714285714
2025-12-20,planting,Santa Catarina,0.91,2025-12-20,2025/26,15.714285714285714
2025-12-20,planting,São Paulo,1.0,2025-12-20,2025/26,15.714285714285714
2025-12-20,planting,Tocantins,0.99,2025-12-20,2025/26,15.714285714285714
2025-12-27,harvest,12 estados,0.0011850246235015991,2025-12-27,2025/26,1.0
2025-12-27,harvest,Bahia,0.0,2025-12-27,2025/26,1.0
2025-12-27,harvest,Goiás,0.0,2025-12-27,2025/26,1.0
2025-12-27,harvest,Maranhão,0.0,2025-12-27,2025/26,1.0
2025-12-27,harvest,Mato Grosso,0.0,2025-12-27,2025/26,1.0
2025-12-27,harvest,Mato Grosso do Sul,0.0,2025-12-27,2025/26,1.0
2025-12-27,harvest,Minas Gerais,0.0,2025-12-27,2025/26,1.0
2025-12-27,harvest,Paraná,0.01,2025-12-27,2025/26,1.0
2025-12-27,harvest,Piauí,0.0,2025-12-27,2025/26,1.0
2025-12-27,harvest,Rio Grande do Sul,0.0,2025-12-27,2025/26,1.0
2025-12-27,harvest,Santa Catarina,0.0,2025-12-27,2025/26,1.0
2025-12-27,harvest,São Paulo,0.0,2025-12-27,2025/26,1.0
2025-12-27,harvest,Tocantins,0.0,2025-12-27,2025/26,1.0
2025-12-27,planting,12 estados,0.979,2025-12-27,2025/26,16.714285714285715
2025-12-27,planting,Bahia,1.0,2025-12-27,2025/26,16.714285714285715
2025-12-27,planting,Goiás,1.0,2025-12-27,2025/26,16.714285714285715
2025-12-27,planting,Maranhão,0.6,2025-12-27,2025/26,16.714285714285715
2025-12-27,planting,Mato Grosso,1.0,2025-12-27,2025/26,16.714285714285715
2025-12-27,planting,Mato Grosso do Sul,1.0,2025-12-27,2025/26,16.714285714285715
2025-12-27,planting,Minas Gerais,1.0,2025-12-27,2025/26,16.714285714285715
2025-12-27,planting,Paraná,1.0,2025-12-27,2025/26,16.714285714285715
2025-12-27,planting,Piauí,0.98,2025-12-27,2025/26,16.714285714285715
2025-12-27,planting,Rio Grande do Sul,0.96,2025-12-27,2025/26,16.714285714285715
2025-12-27,planting,Santa Catarina,0.94,2025-12-27,2025/26,16.714285714285715
2025-12-27,planting,São Paulo,1.0,2025-12-27,2025/26,16.714285714285715
2025-12-27,planting,Tocantins,1.0,2025-12-27,2025/26,16.714285714285715
2026-01-03,harvest,12 estados,0.0014687246606804863,2026-01-03,2025/26,2.0
2026-01-03,harvest,Bahia,0.0,2026-01-03,2025/26,2.0
2026-01-03,harvest,Goiás,0.0,2026-01-03,2025/26,2.0
2026-01-03,harvest,Maranhão,0.0,2026-01-03,2025/26,2.0
2026-01-03,harvest,Mato Grosso,0.001,2026-01-03,2025/26,2.0
2026-01-03,harvest,Mato Grosso do Sul,0.0,2026-01-03,2025/26,2.0
2026-01-03,harvest,Minas Gerais,0.0,2026-01-03,2025/26,2.0
2026-01-03,harvest,Paraná,0.01,2026-01-03,2025/26,2.0
2026-01-03,harvest,Piauí,0.0,2026-01-03,2025/26,2.0
2026-01-03,harvest,Rio Grande do Sul,0.0,2026-01-03,2025/26,2.0
2026-01-03,harvest,Santa Catarina,0.0,2026-01-03,2025/26,2.0
2026-01-03,harvest,São Paulo,0.0,2026-01-03,2025/26,2.0
2026-01-03,harvest,Tocantins,0.0,2026-01-03,2025/26,2.0
2026-01-03,planting,12 estados,0.982,2026-01-03,2025/26,17.714285714285715
2026-01-03,planting,Bahia,1.0,2026-01-03,2025/26,17.714285714285715
2026-01-03,planting,Goiás,1.0,2026-01-03,2025/26,17.714285714285715
2026-01-03,planting,Maranhão,0.66,2026-01-03,2025/26,17.714285714285715
2026-01-03,planting,Mato Grosso,1.0,2026-01-03,2025/26,17.714285714285715
2026-01-03,planting,Mato Grosso do Sul,1.0,2026-01-03,2025/26,17.714285714285715
2026-01-03,planting,Minas Gerais,1.0,2026-01-03,2025/26,17.714285714285715
2026-01-03,planting,Paraná,1.0,2026-01-03,2025/26,17.714285714285715
2026-01-03,planting,Piauí,0.99,2026-01-03,2025/26,17.714285714285715
2026-01-03,planting,Rio Grande do Sul,0.96,2026-01-03,2025/26,17.714285714285715
2026-01-03,planting,Santa Catarina,0.96,2026-01-03,2025/26,17.714285714285715
2026-01-03,planting,São Paulo,1.0,2026-01-03,2025/26,17.714285714285715
2026-01-03,planting,Tocantins,1.0,2026-01-03,2025/26,17.714285714285715
2026-01-10,harvest,12 estados,0.006,2026-01-10,2025/26,3.0
2026-01-10,harvest,Bahia,0.01,2026-01-10,2025/26,3.0
2026-01-10,harvest,Goiás,0.0,2026-01-10,2025/26,3.0
2026-01-10,harvest,Maranhão,0.0,2026-01-10,2025/26,3.0
2026-01-10,harvest,Mato Grosso,0.0165,2026-01-10,2025/26,3.0
2026-01-10,harvest,Mato Grosso do Sul,0.0,2026-01-10,2025/26,3.0
2026-01-10,harvest,Minas Gerais,0.0,2026-01-10,2025/26,3.0
2026-01-10,harvest,Paraná,0.01,2026-01-10,2025/26,3.0
2026-01-10,harvest,Piauí,0.0,2026-01-10,2025/26,3.0
2026-01-10,harvest,Rio Grande do Sul,0.0,2026-01-10,2025/26,3.0
2026-01-10,harvest,Santa Catarina,0.0,2026-01-10,2025/26,3.0
2026-01-10,harvest,São Paulo,0.0,2026-01-10,2025/26,3.0
2026-01-10,harvest,Tocantins,0.0,2026-01-10,2025/26,3.0
2026-01-10,planting,12 estados,0.982,2026-01-10,2025/26,18.714285714285715
2026-01-10,planting,Bahia,1.0,2026-01-10,2025/26,18.714285714285715
2026-01-10,planting,Goiás,1.0,2026-01-10,2025/26,18.714285714285715
2026-01-10,planting,Maranhão,0.67,2026-01-10,2025/26,18.714285714285715
2026-01-10,planting,Mato Grosso,1.0,2026-01-10,2025/26,18.714285714285715
2026-01-10,planting,Mato Grosso do Sul,1.0,2026-01-10,2025/26,18.714285714285715
2026-01-10,planting,Minas Gerais,1.0,2026-01-10,2025/26,18.714285714285715
2026-01-10,planting,Paraná,1.0,2026-01-10,2025/26,18.714285714285715
2026-01-10,planting,Piauí,0.99,2026-01-10,2025/26,18.714285714285715
2026-01-10,planting,Rio Grande do Sul,0.96,2026-01-10,2025/26,18.714285714285715
2026-01-10,planting,Santa Catarina,0.98,2026-01-10,2025/26,18.714285714285715
2026-01-10,planting,São Paulo,1.0,2026-01-10,2025/26,18.714285714285715
2026-01-10,planting,Tocantins,1.0,2026-01-10,2025/26,18.714285714285715
2026-01-17,harvest,12 estados,0.023,2026-01-17,2025/26,4.0
2026-01-17,harvest,Bahia,0.01,2026-01-17,2025/26,4.0
2026-01-17,harvest,Goiás,0.0005,2026-01-17,2025/26,4.0
2026-01-17,harvest,Maranhão,0.0,2026-01-17,2025/26,4.0
2026-01-17,harvest,Mato Grosso,0.0643,2026-01-17,2025/26,4.0
2026-01-17,harvest,Mato Grosso do Sul,0.01,2026-01-17,2025/26,4.0
2026-01-17,harvest,Minas Gerais,0.02,2026-01-17,2025/26,4.0
2026-01-17,harvest,Paraná,0.02,2026-01-17,2025/26,4.0
2026-01-17,harvest,Piauí,0.0,2026-01-17,2025/26,4.0
2026-01-17,harvest,Rio Grande do Sul,0.0,2026-01-17,2025/26,4.0
2026-01-17,harvest,Santa Catarina,0.0,2026-01-17,2025/26,4.0
2026-01-17,harvest,São Paulo,0.0,2026-01-17,2025/26,4.0
2026-01-17,harvest,Tocantins,0.0,2026-01-17,2025/26,4.0
2026-01-17,planting,12 estados,0.986,2026-01-17,2025/26,19.714285714285715
2026-01-17,planting,Bahia,1.0,2026-01-17,2025/26,19.714285714285715
2026-01-17,planting,Goiás,1.0,2026-01-17,2025/26,19.714285714285715
2026-01-17,planting,Maranhão,0.73,2026-01-17,2025/26,19.714285714285715
2026-01-17,planting,Mato Grosso,1.0,2026-01-17,2025/26,19.714285714285715
2026-01-17,planting,Mato Grosso do Sul,1.0,2026-01-17,2025/26,19.714285714285715
2026-01-17,planting,Minas Gerais,1.0,2026-01-17,2025/26,19.714285714285715
2026-01-17,planting,Paraná,1.0,2026-01-17,2025/26,19.714285714285715
2026-01-17,planting,Piauí,0.99,2026-01-17,2025/26,19.714285714285715
2026-01-17,planting,Rio Grande do Sul,0.97,2026-01-17,2025/26,19.714285714285715
2026-01-17,planting,Santa Catarina,0.98,2026-01-17,2025/26,19.714285714285715
2026-01-17,planting,São Paulo,1.0,2026-01-17,2025/26,19.714285714285715
2026-01-17,planting,Tocantins,1.0,2026-01-17,2025/26,19.714285714285715
2026-01-24,harvest,12 estados,0.066,2026-01-24,2025/26,5.0
2026-01-24,harvest,Bahia,0.02,2026-01-24,2025/26,5.0
2026-01-24,harvest,Goiás,0.0012,2026-01-24,2025/26,5.0
2026-01-24,harvest,Maranhão,0.0,2026-01-24,2025/26,5.0
2026-01-24,harvest,Mato Grosso,0.1965,2026-01-24,2025/26,5.0
2026-01-24,harvest,Mato Grosso do Sul,0.02,2026-01-24,2025/26,5.0
2026-01-24,harvest,Minas Gerais,0.06,2026-01-24,2025/26,5.0
2026-01-24,harvest,Paraná,0.03,2026-01-24,2025/26,5.0
2026-01-24,harvest,Piauí,0.0,2026-01-24,2025/26,5.0
2026-01-24,harvest,Rio Grande do Sul,0.0,2026-01-24,2025/26,5.0
2026-01-24,harvest,Santa Catarina,0.002,2026-01-24,2025/26,5.0
2026-01-24,harvest,São Paulo,0.0,2026-01-24,2025/26,5.0
2026-01-24,harvest,Tocantins,0.01,2026-01-24,2025/26,5.0
2026-01-24,planting,12 estados,0.991,2026-01-24,2025/26,20.714285714285715
2026-01-24,planting,Bahia,1.0,2026-01-24,2025/26,20.714285714285715
2026-01-24,planting,Goiás,1.0,2026-01-24,2025/26,20.714285714285715
2026-01-24,planting,Maranhão,0.83,2026-01-24,2025/26,20.714285714285715
2026-01-24,planting,Mato Grosso,1.0,2026-01-24,2025/26,20.714285714285715
2026-01-24,planting,Mato Grosso do Sul,1.0,2026-01-24,2025/26,20.714285714285715
2026-01-24,planting,Minas Gerais,1.0,2026-01-24,2025/26,20.714285714285715
2026-01-24,planting,Paraná,1.0,2026-01-24,2025/26,20.714285714285715
2026-01-24,planting,Piauí,0.99,2026-01-24,2025/26,20.714285714285715
2026-01-24,planting,Rio Grande do Sul,0.98,2026-01-24,2025/26,20.714285714285715
2026-01-24,planting,Santa Catarina,0.99,2026-01-24,2025/26,20.714285714285715
2026-01-24,planting,São Paulo,1.0,2026-01-24,2025/26,20.714285714285715
2026-01-24,planting,Tocantins,1.0,2026-01-24,2025/26,20.714285714285715
2026-01-31,harvest,12 estados,0.114,2026-01-31,2025/26,6.0
2026-01-31,harvest,Bahia,0.03,2026-01-31,2025/26,6.0
2026-01-31,harvest,Goiás,0.015,2026-01-31,2025/26,6.0
2026-01-31,harvest,Maranhão,0.0,2026-01-31,2025/26,6.0
2026-01-31,harvest,Mato Grosso,0.3315,2026-01-31,2025/26,6.0
2026-01-31,harvest,Mato Grosso do Sul,0.03,2026-01-31,2025/26,6.0
2026-01-31,harvest,Minas Gerais,0.1,2026-01-31,2025/26,6.0
2026-01-31,harvest,Paraná,0.05,2026-01-31,2025/26,6.0
2026-01-31,harvest,Piauí,0.0,2026-01-31,2025/26,6.0
2026-01-31,harvest,Rio Grande do Sul,0.0,2026-01-31,2025/26,6.0
2026-01-31,harvest,Santa Catarina,0.055,2026-01-31,2025/26,6.0
2026-01-31,harvest,São Paulo,0.0,2026-01-31,2025/26,6.0
2026-01-31,harvest,Tocantins,0.05,2026-01-31,2025/26,6.0
2026-01-31,planting,12 estados,0.996,2026-01-31,2025/26,21.714285714285715
2026-01-31,planting,Bahia,1.0,2026-01-31,2025/26,21.714285714285715
2026-01-31,planting,Goiás,1.0,2026-01-31,2025/26,21.714285714285715
2026-01-31,planting,Maranhão,0.92,2026-01-31,2025/26,21.714285714285715
2026-01-31,planting,Mato Grosso,1.0,2026-01-31,2025/26,21.714285714285715
2026-01-31,planting,Mato Grosso do Sul,1.0,2026-01-31,2025/26,21.714285714285715
2026-01-31,planting,Minas Gerais,1.0,2026-01-31,2025/26,21.714285714285715
2026-01-31,planting,Paraná,1.0,2026-01-31,2025/26,21.714285714285715
2026-01-31,planting,Piauí,0.99,2026-01-31,2025/26,21.714285714285715
2026-01-31,planting,Rio Grande do Sul,0.99,2026-01-31,2025/26,21.714285714285715
2026-01-31,planting,Santa Catarina,1.0,2026-01-31,2025/26,21.714285714285715
2026-01-31,planting,São Paulo,1.0,2026-01-31,2025/26,21.714285714285715
2026-01-31,planting,Tocantins,1.0,2026-01-31,2025/26,21.714285714285715
2026-02-07,harvest,12 estados,0.17380168666571,2026-02-07,2025/26,7.0
2026-02-07,harvest,Bahia,0.06,2026-02-07,2025/26,7.0
2026-02-07,harvest,Goiás,0.025,2026-02-07,2025/26,7.0
2026-02-07,harvest,Maranhão,0.0,2026-02-07,2025/26,7.0
2026-02-07,harvest,Mato Grosso,0.468,2026-02-07,2025/26,7.0
2026-02-07,harvest,Mato Grosso do Sul,0.07,2026-02-07,2025/26,7.0
2026-02-07,harvest,Minas Gerais,0.13,2026-02-07,2025/26,7.0
2026-02-07,harvest,Paraná,0.14,2026-02-07,2025/26,7.0
2026-02-07,harvest,Piauí,0.02,2026-02-07,2025/26,7.0
2026-02-07,harvest,Rio Grande do Sul,0.0,2026-02-07,2025/26,7.0
2026-02-07,harvest,Santa Catarina,0.015,2026-02-07,2025/26,7.0
2026-02-07,harvest,São Paulo,0.02,2026-02-07,2025/26,7.0
2026-02-07,harvest,Tocantins,0.13,2026-02-07,2025/26,7.0
2026-02-07,planting,12 estados,0.997,2026-02-07,2025/26,22.714285714285715
2026-02-07,planting,Bahia,1.0,2026-02-07,2025/26,22.714285714285715
2026-02-07,planting,Goiás,1.0,2026-02-07,2025/26,22.714285714285715
2026-02-07,planting,Maranhão,0.95,2026-02-07,2025/26,22.714285714285715
2026-02-07,planting,Mato Grosso,1.0,2026-02-07,2025/26,22.714285714285715
2026-02-07,planting,Mato Grosso do Sul,1.0,2026-02-07,2025/26,22.714285714285715
2026-02-07,planting,Minas Gerais,1.0,2026-02-07,2025/26,22.714285714285715
2026-02-07,planting,Paraná,1.0,2026-02-07,2025/26,22.714285714285715
2026-02-07,planting,Piauí,1.0,2026-02-07,2025/26,22.714285714285715
2026-02-07,planting,Rio Grande do Sul,0.99,2026-02-07,2025/26,22.714285714285715
2026-02-07,planting,Santa Catarina,1.0,2026-02-07,2025/26,22.714285714285715
2026-02-07,planting,São Paulo,1.0,2026-02-07,2025/26,22.714285714285715
2026-02-07,planting,Tocantins,1.0,2026-02-07,2025/26,22.714285714285715
2026-02-14,harvest,12 estados,0.2467329762684719,2026-02-14,2025/26,8.0
2026-02-14,harvest,Bahia,0.12,2026-02-14,2025/26,8.0
2026-02-14,harvest,Goiás,0.07,2026-02-14,2025/26,8.0
2026-02-14,harvest,Maranhão,0.03,2026-02-14,2025/26,8.0
2026-02-14,harvest,Mato Grosso,0.607,2026-02-14,2025/26,8.0
2026-02-14,harvest,Mato Grosso do Sul,0.16,2026-02-14,2025/26,8.0
2026-02-14,harvest,Minas Gerais,0.17,2026-02-14,2025/26,8.0
2026-02-14,harvest,Paraná,0.2,2026-02-14,2025/26,8.0
2026-02-14,harvest,Piauí,0.03,2026-02-14,2025/26,8.0
2026-02-14,harvest,Rio Grande do Sul,0.0,2026-02-14,2025/26,8.0
2026-02-14,harvest,Santa Catarina,0.02,2026-02-14,2025/26,8.0
2026-02-14,harvest,São Paulo,0.04,2026-02-14,2025/26,8.0
2026-02-14,harvest,Tocantins,0.3,2026-02-14,2025/26,8.0
2026-02-14,planting,12 estados,1.0,2026-02-14,2025/26,23.714285714285715
2026-02-14,planting,Bahia,1.0,2026-02-14,2025/26,23.714285714285715
2026-02-14,planting,Goiás,1.0,2026-02-14,2025/26,23.714285714285715
2026-02-14,planting,Maranhão,0.99,2026-02-14,2025/26,23.714285714285715
2026-02-14,planting,Mato Grosso,1.0,2026-02-14,2025/26,23.714285714285715
2026-02-14,planting,Mato Grosso do Sul,1.0,2026-02-14,2025/26,23.714285714285715
2026-02-14,planting,Minas Gerais,1.0,2026-02-14,2025/26,23.714285714285715
2026-02-14,planting,Paraná,1.0,2026-02-14,2025/26,23.714285714285715
2026-02-14,planting,Piauí,1.0,2026-02-14,2025/26,23.714285714285715
2026-02-14,planting,Rio Grande do Sul,1.0,2026-02-14,2025/26,23.714285714285715
2026-02-14,planting,Santa Catarina,1.0,2026-02-14,2025/26,23.714285714285715
2026-02-14,planting,São Paulo,1.0,2026-02-14,2025/26,23.714285714285715
2026-02-14,planting,Tocantins,1.0,2026-02-14,2025/26,23.714285714285715
2026-02-21,harvest,12 estados,0.323,2026-02-21,2025/26,9.0
2026-02-21,harvest,Bahia,0.18,2026-02-21,2025/26,9.0
2026-02-21,harvest,Goiás,0.22,2026-02-21,2025/26,9.0
2026-02-21,harvest,Maranhão,0.05,2026-02-21,2025/26,9.0
2026-02-21,harvest,Mato Grosso,0.7121,2026-02-21,2025/26,9.0
2026-02-21,harvest,Mato Grosso do Sul,0.18,2026-02-21,2025/26,9.0
2026-02-21,harvest,Minas Gerais,0.27,2026-02-21,2025/26,9.0
2026-02-21,harvest,Paraná,0.3,2026-02-21,2025/26,9.0
2026-02-21,harvest,Piauí,0.05,2026-02-21,2025/26,9.0
2026-02-21,harvest,Rio Grande do Sul,0.0,2026-02-21,2025/26,9.0
2026-02-21,harvest,Santa Catarina,0.04,2026-02-21,2025/26,9.0
2026-02-21,harvest,São Paulo,0.05,2026-02-21,2025/26,9.0
2026-02-21,harvest,Tocantins,0.45,2026-02-21,2025/26,9.0
2026-02-21,planting,12 estados,1.0,2026-02-21,2025/26,24.714285714285715
2026-02-21,planting,Bahia,1.0,2026-02-21,2025/26,24.714285714285715
2026-02-21,planting,Goiás,1.0,2026-02-21,2025/26,24.714285714285715
2026-02-21,planting,Maranhão,1.0,2026-02-21,2025/26,24.714285714285715
2026-02-21,planting,Mato Grosso,1.0,2026-02-21,2025/26,24.714285714285715
2026-02-21,planting,Mato Grosso do Sul,1.0,2026-02-21,2025/26,24.714285714285715
2026-02-21,planting,Minas Gerais,1.0,2026-02-21,2025/26,24.714285714285715
2026-02-21,planting,Paraná,1.0,2026-02-21,2025/26,24.714285714285715
2026-02-21,planting,Piauí,1.0,2026-02-21,2025/26,24.714285714285715
2026-02-21,planting,Rio Grande do Sul,1.0,2026-02-21,2025/26,24.714285714285715
2026-02-21,planting,Santa Catarina,1.0,2026-02-21,2025/26,24.714285714285715
2026-02-21,planting,São Paulo,1.0,2026-02-21,2025/26,24.714285714285715
2026-02-21,planting,Tocantins,1.0,2026-02-21,2025/26,24.714285714285715
2026-02-28,harvest,12 estados,0.417,2026-02-28,2025/26,10.0
2026-02-28,harvest,Bahia,0.3,2026-02-28,2025/26,10.0
2026-02-28,harvest,Goiás,0.39,2026-02-28,2025/26,10.0
2026-02-28,harvest,Maranhão,0.09,2026-02-28,2025/26,10.0
2026-02-28,harvest,Mato Grosso,0.8125,2026-02-28,2025/26,10.0
2026-02-28,harvest,Mato Grosso do Sul,0.5,2026-02-28,2025/26,10.0
2026-02-28,harvest,Minas Gerais,0.22,2026-02-28,2025/26,10.0
2026-02-28,harvest,Paraná,0.37,2026-02-28,2025/26,10.0
2026-02-28,harvest,Piauí,0.07,2026-02-28,2025/26,10.0
2026-02-28,harvest,Rio Grande do Sul,0.0,2026-02-28,2025/26,10.0
2026-02-28,harvest,Santa Catarina,0.0778,2026-02-28,2025/26,10.0
2026-02-28,harvest,São Paulo,0.09,2026-02-28,2025/26,10.0
2026-02-28,harvest,Tocantins,0.47,2026-02-28,2025/26,10.0
2026-02-28,planting,12 estados,1.0,2026-02-28,2025/26,25.714285714285715
2026-02-28,planting,Bahia,1.0,2026-02-28,2025/26,25.714285714285715
2026-02-28,planting,Goiás,1.0,2026-02-28,2025/26,25.714285714285715
2026-02-28,planting,Maranhão,1.0,2026-02-28,2025/26,25.714285714285715
2026-02-28,planting,Mato Grosso,1.0,2026-02-28,2025/26,25.714285714285715
2026-02-28,planting,Mato Grosso do Sul,1.0,2026-02-28,2025/26,25.714285714285715
2026-02-28,planting,Minas Gerais,1.0,2026-02-28,2025/26,25.714285714285715
2026-02-28,planting,Paraná,1.0,2026-02-28,2025/26,25.714285714285715
2026-02-28,planting,Piauí,1.0,2026-02-28,2025/26,25.714285714285715
2026-02-28,planting,Rio Grande do Sul,1.0,2026-02-28,2025/26,25.714285714285715
2026-02-28,planting,Santa Catarina,1.0,2026-02-28,2025/26,25.714285714285715
2026-02-28,planting,São Paulo,1.0,2026-02-28,2025/26,25.714285714285715
2026-02-28,planting,Tocantins,1.0,2026-02-28,2025/26,25.714285714285715
2026-03-07,harvest,12 estados,0.506,2026-03-07,2025/26,11.0
2026-03-07,harvest,Bahia,0.31,2026-03-07,2025/26,11.0
2026-03-07,harvest,Goiás,0.57,2026-03-07,2025/26,11.0
2026-03-07,harvest,Maranhão,0.17,2026-03-07,2025/26,11.0
2026-03-07,harvest,Mato Grosso,0.8915,2026-03-07,2025/26,11.0
2026-03-07,harvest,Mato Grosso do Sul,0.61,2026-03-07,2025/26,11.0
2026-03-07,harvest,Minas Gerais,0.39,2026-03-07,2025/26,11.0
2026-03-07,harvest,Paraná,0.46,2026-03-07,2025/26,11.0
2026-03-07,harvest,Piauí,0.19,2026-03-07,2025/26,11.0
2026-03-07,harvest,Rio Grande do Sul,0.0,2026-03-07,2025/26,11.0
2026-03-07,harvest,Santa Catarina,0.1171,2026-03-07,2025/26,11.0
2026-03-07,harvest,São Paulo,0.38,2026-03-07,2025/26,11.0
2026-03-07,harvest,Tocantins,0.52,2026-03-07,2025/26,11.0
2026-03-14,harvest,12 estados,0.592,2026-03-14,2025/26,12.0
2026-03-14,harvest,Bahia,0.45,2026-03-14,2025/26,12.0
2026-03-14,harvest,Goiás,0.7,2026-03-14,2025/26,12.0
2026-03-14,harvest,Maranhão,0.23,2026-03-14,2025/26,12.0
2026-03-14,harvest,Mato Grosso,0.9642,2026-03-14,2025/26,12.0
2026-03-14,harvest,Mato Grosso do Sul,0.68,2026-03-14,2025/26,12.0
2026-03-14,harvest,Minas Gerais,0.52,2026-03-14,2025/26,12.0
2026-03-14,harvest,Paraná,0.6,2026-03-14,2025/26,12.0
2026-03-14,harvest,Piauí,0.26,2026-03-14,2025/26,12.0
2026-03-14,harvest,Rio Grande do Sul,0.02,2026-03-14,2025/26,12.0
2026-03-14,harvest,Santa Catarina,0.2108,2026-03-14,2025/26,12.0
2026-03-14,harvest,São Paulo,0.5,2026-03-14,2025/26,12.0
2026-03-14,harvest,Tocantins,0.58,2026-03-14,2025/26,12.0
2026-03-21,harvest,12 estados,0.677,2026-03-21,2025/26,13.0
2026-03-21,harvest,Bahia,0.55,2026-03-21,2025/26,13.0
2026-03-21,harvest,Goiás,0.77,2026-03-21,2025/26,13.0
2026-03-21,harvest,Maranhão,0.34,2026-03-21,2025/26,13.0
2026-03-21,harvest,Mato Grosso,0.9826,2026-03-21,2025/26,13.0
2026-03-21,harvest,Mato Grosso do Sul,0.87,2026-03-21,2025/26,13.0
2026-03-21,harvest,Minas Gerais,0.64,2026-03-21,2025/26,13.0
2026-03-21,harvest,Paraná,0.7,2026-03-21,2025/26,13.0
2026-03-21,harvest,Piauí,0.36,2026-03-21,2025/26,13.0
2026-03-21,harvest,Rio Grande do Sul,0.13,2026-03-21,2025/26,13.0
2026-03-21,harvest,Santa Catarina,0.2542,2026-03-21,2025/26,13.0
2026-03-21,harvest,São Paulo,0.62,2026-03-21,2025/26,13.0
2026-03-21,harvest,Tocantins,0.68,2026-03-21,2025/26,13.0
2026-03-28,harvest,12 estados,0.743,2026-03-28,2025/26,14.0
2026-03-28,harvest,Bahia,0.6,2026-03-28,2025/26,14.0
2026-03-28,harvest,Goiás,0.89,2026-03-28,2025/26,14.0
2026-03-28,harvest,Maranhão,0.4,2026-03-28,2025/26,14.0
2026-03-28,harvest,Mato Grosso,0.9886,2026-03-28,2025/26,14.0
2026-03-28,harvest,Mato Grosso do Sul,0.89,2026-03-28,2025/26,14.0
2026-03-28,harvest,Minas Gerais,0.74,2026-03-28,2025/26,14.0
2026-03-28,harvest,Paraná,0.82,2026-03-28,2025/26,14.0
2026-03-28,harvest,Piauí,0.5,2026-03-28,2025/26,14.0
2026-03-28,harvest,Rio Grande do Sul,0.22,2026-03-28,2025/26,14.0
2026-03-28,harvest,Santa Catarina,0.3767,2026-03-28,2025/26,14.0
2026-03-28,harvest,São Paulo,0.75,2026-03-28,2025/26,14.0
2026-03-28,harvest,Tocantins,0.73,2026-03-28,2025/26,14.0
2026-04-04,harvest,12 estados,0.821,2026-04-04,2025/26,15.0
2026-04-04,harvest,Bahia,0.7,2026-04-04,2025/26,15.0
2026-04-04,harvest,Goiás,0.94,2026-04-04,2025/26,15.0
2026-04-04,harvest,Maranhão,0.45,2026-04-04,2025/26,15.0
2026-04-04,harvest,Mato Grosso,0.9904,2026-04-04,2025/26,15.0
2026-04-04,harvest,Mato Grosso do Sul,0.96,2026-04-04,2025/26,15.0
2026-04-04,harvest,Minas Gerais,0.86,2026-04-04,2025/26,15.0
2026-04-04,harvest,Paraná,0.91,2026-04-04,2025/26,15.0
2026-04-04,harvest,Piauí,0.66,2026-04-04,2025/26,15.0
2026-04-04,harvest,Rio Grande do Sul,0.4,2026-04-04,2025/26,15.0
2026-04-04,harvest,Santa Catarina,0.4102,2026-04-04,2025/26,15.0
2026-04-04,harvest,São Paulo,0.95,2026-04-04,2025/26,15.0
2026-04-04,harvest,Tocantins,0.85,2026-04-04,2025/26,15.0
2026-04-11,harvest,12 estados,0.857,2026-04-11,2025/26,16.0
2026-04-11,harvest,Bahia,0.75,2026-04-11,2025/26,16.0
2026-04-11,harvest,Goiás,0.97,2026-04-11,2025/26,16.0
2026-04-11,harvest,Maranhão,0.53,2026-04-11,2025/26,16.0
2026-04-11,harvest,Mato Grosso,1.0,2026-04-11,2025/26,16.0
2026-04-11,harvest,Mato Grosso do Sul,0.99,2026-04-11,2025/26,16.0
2026-04-11,harvest,Minas Gerais,0.94,2026-04-11,2025/26,16.0
2026-04-11,harvest,Paraná,0.96,2026-04-11,2025/26,16.0
2026-04-11,harvest,Piauí,0.84,2026-04-11,2025/26,16.0
2026-04-11,harvest,Rio Grande do Sul,0.45,2026-04-11,2025/26,16.0
2026-04-11,harvest,Santa Catarina,0.4784,2026-04-11,2025/26,16.0
2026-04-11,harvest,São Paulo,1.0,2026-04-11,2025/26,16.0
2026-04-11,harvest,Tocantins,0.9,2026-04-11,2025/26,16.0
2026-04-18,harvest,12 estados,0.881,2026-04-18,2025/26,17.0
2026-04-18,harvest,Bahia,0.78,2026-04-18,2025/26,17.0
2026-04-18,harvest,Goiás,0.99,2026-04-18,2025/26,17.0
2026-04-18,harvest,Maranhão,0.58,2026-04-18,2025/26,17.0
2026-04-18,harvest,Mato Grosso,1.0,2026-04-18,2025/26,17.0
2026-04-18,harvest,Mato Grosso do Sul,0.99,2026-04-18,2025/26,17.0
2026-04-18,harvest,Minas Gerais,0.96,2026-04-18,2025/26,17.0
2026-04-18,harvest,Paraná,0.98,2026-04-18,2025/26,17.0
2026-04-18,harvest,Piauí,0.89,2026-04-18,2025/26,17.0
2026-04-18,harvest,Rio Grande do Sul,0.51,2026-04-18,2025/26,17.0
2026-04-18,harvest,Santa Catarina,0.6304,2026-04-18,2025/26,17.0
2026-04-18,harvest,São Paulo,1.0,2026-04-18,2025/26,17.0
2026-04-18,harvest,Tocantins,0.95,2026-04-18,2025/26,17.0
2026-04-25,harvest,12 estados,0.921,2026-04-25,2025/26,18.0
2026-04-25,harvest,Bahia,0.9,2026-04-25,2025/26,18.0
2026-04-25,harvest,Goiás,0.995,2026-04-25,2025/26,18.0
2026-04-25,harvest,Maranhão,0.65,2026-04-25,2025/26,18.0
2026-04-25,harvest,Mato Grosso,1.0,2026-04-25,2025/26,18.0
2026-04-25,harvest,Mato Grosso do Sul,0.99,2026-04-25,2025/26,18.0
2026-04-25,harvest,Minas Gerais,0.98,2026-04-25,2025/26,18.0
2026-04-25,harvest,Paraná,0.99,2026-04-25,2025/26,18.0
2026-04-25,harvest,Piauí,0.96,2026-04-25,2025/26,18.0
2026-04-25,harvest,Rio Grande do Sul,0.65,2026-04-25,2025/26,18.0
2026-04-25,harvest,Santa Catarina,0.7097,2026-04-25,2025/26,18.0
2026-04-25,harvest,São Paulo,1.0,2026-04-25,2025/26,18.0
2026-04-25,harvest,Tocantins,0.98,2026-04-25,2025/26,18.0
2026-05-01,harvest,12 estados,0.947,2026-05-01,2025/26,18.857142857142858
2026-05-01,harvest,Bahia,0.95,2026-05-01,2025/26,18.857142857142858
2026-05-01,harvest,Goiás,1.0,2026-05-01,2025/26,18.857142857142858
2026-05-01,harvest,Maranhão,0.68,2026-05-01,2025/26,18.857142857142858
2026-05-01,harvest,Mato Grosso,1.0,2026-05-01,2025/26,18.857142857142858
2026-05-01,harvest,Mato Grosso do Sul,1.0,2026-05-01,2025/26,18.857142857142858
2026-05-01,harvest,Minas Gerais,0.99,2026-05-01,2025/26,18.857142857142858
2026-05-01,harvest,Paraná,0.99,2026-05-01,2025/26,18.857142857142858
2026-05-01,harvest,Piauí,0.98,2026-05-01,2025/26,18.857142857142858
2026-05-01,harvest,Rio Grande do Sul,0.78,2026-05-01,2025/26,18.857142857142858
2026-05-01,harvest,Santa Catarina,0.7451,2026-05-01,2025/26,18.857142857142858
2026-05-01,harvest,São Paulo,1.0,2026-05-01,2025/26,18.857142857142858
2026-05-01,harvest,Tocantins,1.0,2026-05-01,2025/26,18.857142857142858
2026-05-08,harvest,12 estados,0.983,2026-05-08,2025/26,19.857142857142858
2026-05-08,harvest,Bahia,0.98,2026-05-08,2025/26,19.857142857142858
2026-05-08,harvest,Goiás,1.0,2026-05-08,2025/26,19.857142857142858
2026-05-08,harvest,Maranhão,0.76,2026-05-08,2025/26,19.857142857142858
2026-05-08,harvest,Mato Grosso,1.0,2026-05-08,2025/26,19.857142857142858
2026-05-08,harvest,Mato Grosso do Sul,1.0,2026-05-08,2025/26,19.857142857142858
2026-05-08,harvest,Minas Gerais,1.0,2026-05-08,2025/26,19.857142857142858
2026-05-08,harvest,Paraná,1.0,2026-05-08,2025/26,19.857142857142858
2026-05-08,harvest,Piauí,0.99,2026-05-08,2025/26,19.857142857142858
2026-05-08,harvest,Rio Grande do Sul,0.96,2026-05-08,2025/26,19.857142857142858
2026-05-08,harvest,Santa Catarina,0.8869,2026-05-08,2025/26,19.857142857142858
2026-05-08,harvest,São Paulo,1.0,2026-05-08,2025/26,19.857142857142858
2026-05-08,harvest,Tocantins,1.0,2026-05-08,2025/26,19.857142857142858
2026-05-15,harvest,12 estados,0.988,2026-05-15,2025/26,20.857142857142858
2026-05-15,harvest,Bahia,1.0,2026-05-15,2025/26,20.857142857142858
2026-05-15,harvest,Goiás,1.0,2026-05-15,2025/26,20.857142857142858
2026-05-15,harvest,Maranhão,0.81,2026-05-15,2025/26,20.857142857142858
2026-05-15,harvest,Mato Grosso,1.0,2026-05-15,2025/26,20.857142857142858
2026-05-15,harvest,Mato Grosso do Sul,1.0,2026-05-15,2025/26,20.857142857142858
2026-05-15,harvest,Minas Gerais,1.0,2026-05-15,2025/26,20.857142857142858
2026-05-15,harvest,Paraná,1.0,2026-05-15,2025/26,20.857142857142858
2026-05-15,harvest,Piauí,0.99,2026-05-15,2025/26,20.857142857142858
2026-05-15,harvest,Rio Grande do Sul,0.97,2026-05-15,2025/26,20.857142857142858
2026-05-15,harvest,Santa Catarina,0.9416,2026-05-15,2025/26,20.857142857142858
2026-05-15,harvest,São Paulo,1.0,2026-05-15,2025/26,20.857142857142858
2026-05-15,harvest,Tocantins,1.0,2026-05-15,2025/26,20.857142857142858
2026-05-22,harvest,12 estados,0.99,2026-05-22,2025/26,21.857142857142858
2026-05-22,harvest,Bahia,1.0,2026-05-22,2025/26,21.857142857142858
2026-05-22,harvest,Goiás,1.0,2026-05-22,2025/26,21.857142857142858
2026-05-22,harvest,Maranhão,0.86,2026-05-22,2025/26,21.857142857142858
2026-05-22,harvest,Mato Grosso,1.0,2026-05-22,2025/26,21.857142857142858
2026-05-22,harvest,Mato Grosso do Sul,1.0,2026-05-22,2025/26,21.857142857142858
2026-05-22,harvest,Minas Gerais,1.0,2026-05-22,2025/26,21.857142857142858
2026-05-22,harvest,Paraná,1.0,2026-05-22,2025/26,21.857142857142858
2026-05-22,harvest,Piauí,0.99,2026-05-22,2025/26,21.857142857142858
2026-05-22,harvest,Rio Grande do Sul,0.97,2026-05-22,2025/26,21.857142857142858
2026-05-22,harvest,Santa Catarina,0.9723,2026-05-22,2025/26,21.857142857142858
2026-05-22,harvest,São Paulo,1.0,2026-05-22,2025/26,21.857142857142858
2026-05-22,harvest,Tocantins,1.0,2026-05-22,2025/26,21.857142857142858
2026-05-29,harvest,12 estados,0.997,2026-05-29,2025/26,22.857142857142858
2026-05-29,harvest,Bahia,1.0,2026-05-29,2025/26,22.857142857142858
2026-05-29,harvest,Goiás,1.0,2026-05-29,2025/26,22.857142857142858
2026-05-29,harvest,Maranhão,0.92,2026-05-29,2025/26,22.857142857142858
2026-05-29,harvest,Mato Grosso,1.0,2026-05-29,2025/26,22.857142857142858
2026-05-29,harvest,Mato Grosso do Sul,1.0,2026-05-29,2025/26,22.857142857142858
2026-05-29,harvest,Minas Gerais,1.0,2026-05-29,2025/26,22.857142857142858
2026-05-29,harvest,Paraná,1.0,2026-05-29,2025/26,22.857142857142858
2026-05-29,harvest,Piauí,0.99,2026-05-29,2025/26,22.857142857142858
2026-05-29,harvest,Rio Grande do Sul,1.0,2026-05-29,2025/26,22.857142857142858
2026-05-29,harvest,Santa Catarina,0.987,2026-05-29,2025/26,22.857142857142858
2026-05-29,harvest,São Paulo,1.0,2026-05-29,2025/26,22.857142857142858
2026-05-29,harvest,Tocantins,1.0,2026-05-29,2025/26,22.857142857142858
2026-06-05,harvest,12 estados,0.998,2026-06-05,2025/26,23.857142857142858
2026-06-05,harvest,Bahia,1.0,2026-06-05,2025/26,23.857142857142858
2026-06-05,harvest,Goiás,1.0,2026-06-05,2025/26,23.857142857142858
2026-06-05,harvest,Maranhão,0.96,2026-06-05,2025/26,23.857142857142858
2026-06-05,harvest,Mato Grosso,1.0,2026-06-05,2025/26,23.857142857142858
2026-06-05,harvest,Mato Grosso do Sul,1.0,2026-06-05,2025/26,23.857142857142858
2026-06-05,harvest,Minas Gerais,1.0,2026-06-05,2025/26,23.857142857142858
2026-06-05,harvest,Paraná,1.0,2026-06-05,2025/26,23.857142857142858
2026-06-05,harvest,Piauí,0.99,2026-06-05,2025/26,23.857142857142858
2026-06-05,harvest,Rio Grande do Sul,1.0,2026-06-05,2025/26,23.857142857142858
2026-06-05,harvest,Santa Catarina,0.9955,2026-06-05,2025/26,23.857142857142858
2026-06-05,harvest,São Paulo,1.0,2026-06-05,2025/26,23.857142857142858
2026-06-05,harvest,Tocantins,1.0,2026-06-05,2025/26,23.857142857142858
2026-06-12,harvest,12 estados,1.0,2026-06-12,2025/26,24.857142857142858
2026-06-12,harvest,Bahia,1.0,2026-06-12,2025/26,24.857142857142858
2026-06-12,harvest,Goiás,1.0,2026-06-12,2025/26,24.857142857142858
2026-06-12,harvest,Maranhão,0.99,2026-06-12,2025/26,24.857142857142858
2026-06-12,harvest,Mato Grosso,1.0,2026-06-12,2025/26,24.857142857142858
2026-06-12,harvest,Mato Grosso do Sul,1.0,2026-06-12,2025/26,24.857142857142858
2026-06-12,harvest,Minas Gerais,1.0,2026-06-12,2025/26,24.857142857142858
2026-06-12,harvest,Paraná,1.0,2026-06-12,2025/26,24.857142857142858
2026-06-12,harvest,Piauí,1.0,2026-06-12,2025/26,24.857142857142858
2026-06-12,harvest,Rio Grande do Sul,1.0,2026-06-12,2025/26,24.857142857142858
2026-06-12,harvest,Santa Catarina,1.0,2026-06-12,2025/26,24.857142857142858
2026-06-12,harvest,São Paulo,1.0,2026-06-12,2025/26,24.857142857142858
2026-06-12,harvest,Tocantins,1.0,2026-06-12,2025/26,24.857142857142858
2026-06-19,harvest,12 estados,1.0,2026-06-19,2025/26,25.857142857142858
2026-06-19,harvest,Bahia,1.0,2026-06-19,2025/26,25.857142857142858
2026-06-19,harvest,Goiás,1.0,2026-06-19,2025/26,25.857142857142858
2026-06-19,harvest,Maranhão,1.0,2026-06-19,2025/26,25.857142857142858
2026-06-19,harvest,Mato Grosso,1.0,2026-06-19,2025/26,25.857142857142858
2026-06-19,harvest,Mato Grosso do Sul,1.0,2026-06-19,2025/26,25.857142857142858
2026-06-19,harvest,Minas Gerais,1.0,2026-06-19,2025/26,25.857142857142858
2026-06-19,harvest,Paraná,1.0,2026-06-19,2025/26,25.857142857142858
2026-06-19,harvest,Piauí,1.0,2026-06-19,2025/26,25.857142857142858
2026-06-19,harvest,Rio Grande do Sul,1.0,2026-06-19,2025/26,25.857142857142858
2026-06-19,harvest,Santa Catarina,1.0,2026-06-19,2025/26,25.857142857142858
2026-06-19,harvest,São Paulo,1.0,2026-06-19,2025/26,25.857142857142858
2026-06-19,harvest,Tocantins,1.0,2026-06-19,2025/26,25.857142857142858
2026-09-18,planting,12 estados,0.005,2026-09-18,2026/27,2.4285714285714284
2026-09-18,planting,Bahia,0.0,2026-09-18,2026/27,2.4285714285714284
2026-09-18,planting,Goiás,0.0,2026-09-18,2026/27,2.4285714285714284
2026-09-18,planting,Maranhão,0.0,2026-09-18,2026/27,2.4285714285714284
2026-09-18,planting,Mato Grosso,0.0056,2026-09-18,2026/27,2.4285714285714284
2026-09-18,planting,Mato Grosso do Sul,0.01,2026-09-18,2026/27,2.4285714285714284
2026-09-18,planting,Minas Gerais,0.0,2026-09-18,2026/27,2.4285714285714284
2026-09-18,planting,Paraná,0.02,2026-09-18,2026/27,2.4285714285714284
2026-09-18,planting,Piauí,0.0,2026-09-18,2026/27,2.4285714285714284
2026-09-18,planting,Rio Grande do Sul,0.0,2026-09-18,2026/27,2.4285714285714284
2026-09-18,planting,Santa Catarina,0.0,2026-09-18,2026/27,2.4285714285714284
2026-09-18,planting,São Paulo,0.0,2026-09-18,2026/27,2.4285714285714284
2026-09-18,planting,Tocantins,0.0,2026-09-18,2026/27,2.4285714285714284
2026-09-25,planting,12 estados,0.039,2026-09-25,2026/27,3.4285714285714284
2026-09-25,planting,Bahia,0.0,2026-09-25,2026/27,3.4285714285714284
2026-09-25,planting,Goiás,0.01,2026-09-25,2026/27,3.4285714285714284
2026-09-25,planting,Maranhão,0.0,2026-09-25,2026/27,3.4285714285714284
2026-09-25,planting,Mato Grosso,0.0568,2026-09-25,2026/27,3.4285714285714284
2026-09-25,planting,Mato Grosso do Sul,0.03,2026-09-25,2026/27,3.4285714285714284
2026-09-25,planting,Minas Gerais,0.0,2026-09-25,2026/27,3.4285714285714284
2026-09-25,planting,Paraná,0.15,2026-09-25,2026/27,3.4285714285714284
2026-09-25,planting,Piauí,0.0,2026-09-25,2026/27,3.4285714285714284
2026-09-25,planting,Rio Grande do Sul,0.0,2026-09-25,2026/27,3.4285714285714284
2026-09-25,planting,Santa Catarina,0.0003,2026-09-25,2026/27,3.4285714285714284
2026-09-25,planting,São Paulo,0.0,2026-09-25,2026/27,3.4285714285714284
2026-09-25,planting,Tocantins,0.0,2026-09-25,2026/27,3.4285714285714284
